{"cameraMode":{"drawMode":0,"name":"Shaded","section":"Shading Mode"},"sceneLighting":true,"audioPlay":false,"sceneViewState":{"showFog":true,"showMaterialUpdate":false,"showSkybox":true,"showFlares":true,"showImageEffects":true,"showParticleSystems":true},"in2DMode":false,"pivot":{"x":-8.208562850952149,"y":9.151559829711914,"z":16.850669860839845},"rotation":{"x":0.22550296783447267,"y":0.7475901246070862,"z":-0.31124067306518557,"w":0.5416518449783325},"size":38.7125129699707,"orthographic":false}